Branch,Total_Sales,Transactions,Total_Items_Sold
C,110568.70649999994,328,1831.0
A,106200.3705000001,340,1859.0
B,106197.67199999996,332,1820.0
